soldep_p_bkcom_000_es,stn_3m_bkcom_000_es,ltn_10y_bkcom_000_es,g_v_yoy_bkcom_000_es
[ -2.23388181  -9.0533839   -2.1527702  -28.22370477  -2.15288041],[ -2.23388181  -9.0533839   -2.1527702  -28.22370477  -2.15288041],[ -2.23388181  -9.0533839   -2.1527702  -28.22370477  -2.15288041],[ -2.23388181  -9.0533839   -2.1527702  -28.22370477  -2.15288041]
[ 6.86473287  3.24751066 16.95919859  6.31272958 44.7211008 ],[ 6.86473287  3.24751066 16.95919859  6.31272958 44.7211008 ],[ 6.86473287  3.24751066 16.95919859  6.31272958 44.7211008 ],[ 6.86473287  3.24751066 16.95919859  6.31272958 44.7211008 ]
[-0.59187359 -0.86007224  0.23481813 -0.47462703  0.49718   ],[-0.59187359 -0.86007224  0.23481813 -0.47462703  0.49718   ],[-0.59187359 -0.86007224  0.23481813 -0.47462703  0.49718   ],[-0.59187359 -0.86007224  0.23481813 -0.47462703  0.49718   ]
